Rank_x,City,Cost of Living Index,Rent Index,Cost of Living Plus Rent Index,Groceries Index,Restaurant Price Index,Local Purchasing Power Index,Rank_y,Crime Index,Safety Index
3,"Rawalpindi, Pakistan",20.52,4.78,13.14,18.51,16.18,22.91,274,48.57,51.43
4,"Karachi, Pakistan",20.75,4.84,13.29,18.48,15.21,29.16,326,54.1,45.9
7,"Kabul, Afghanistan",21.35,3.17,12.83,15.22,14.85,22.79,446,79.39,20.61
8,"Islamabad, Pakistan",21.5,5.79,14.13,18.39,18.19,29.52,81,29.52,70.48
9,"Lahore, Pakistan",21.53,4.03,13.33,18.48,17.34,24.42,142,35.77,64.23
11,"Thiruvananthapuram, India",21.75,4.43,13.64,22.96,13.59,73.73,182,39.54,60.46
14,"Kochi, India",22.9,6.3,15.12,25.89,13.48,59.47,196,41.21,58.79
15,"Mysore, India",23.16,4.92,14.61,25.82,14.32,46.46,280,48.85,51.15
18,"Coimbatore, India",23.45,4.85,14.73,26.68,15.04,40.73,181,39.53,60.47
20,"Mangalore, India",23.73,4.58,14.75,27.17,14.87,47.91,45,25.07,74.93
21,"Jaipur, India",23.97,5.04,15.1,24.58,16.53,51.5,138,35.52,64.48
23,"Visakhapatnam, India",24.03,5.4,15.3,28.27,14.52,42.7,164,37.8,62.2
25,"Nagpur, India",24.39,4.45,15.04,26.47,18.85,42.48,153,36.77,63.23
27,"Indore, India",24.5,4.59,15.17,26.47,16.27,40.0,276,48.61,51.39
34,"Vadodara, India",25.32,4.48,15.55,27.55,19.49,46.1,113,32.92,67.08
35,"Surat, India",25.34,7.12,16.8,27.62,20.18,41.98,139,35.55,64.45
37,"Lucknow (Lakhnau), India",25.42,4.99,15.84,25.72,20.36,48.19,273,48.41,51.59
39,"Cali, Colombia",25.78,7.0,16.98,22.61,17.95,31.08,421,69.5,30.5
40,"Kolkata, India",25.99,5.57,16.42,28.24,18.89,44.66,248,46.68,53.32
41,"Ahmedabad, India",26.01,5.93,16.59,28.52,19.15,39.11,110,32.4,67.6
42,"Chennai, India",26.08,6.76,17.02,28.88,16.98,46.31,187,40.45,59.55
46,"Hyderabad, India",26.61,6.47,17.17,29.69,18.17,51.21,219,43.87,56.13
47,"Ankara, Turkey",27.17,6.31,17.39,21.43,17.97,39.07,179,39.41,60.59
50,"Ghaziabad, India",27.55,5.26,17.1,28.37,19.88,54.56,370,59.83,40.17
51,"Pune, India",27.57,7.12,17.98,28.86,22.75,53.68,204,41.56,58.44
53,"Bogota, Colombia",27.94,11.61,20.29,24.33,21.98,26.1,406,65.42,34.58
54,"Bangalore, India",28.2,8.59,19.01,31.14,20.04,102.64,333,54.81,45.19
55,"Delhi, India",28.23,8.46,18.96,27.75,24.45,60.44,364,59.15,40.85
56,"Izmir, Turkey",28.37,6.39,18.06,23.44,18.66,35.18,99,30.94,69.06
57,"Navi Mumbai, India",28.38,10.9,20.19,31.59,23.14,78.67,131,34.33,65.67
59,"Alexandria, Egypt",28.43,6.64,18.22,27.33,22.78,20.28,184,40.24,59.76
60,"Medellin, Colombia",28.81,9.47,19.74,25.65,22.53,32.78,316,53.12,46.88
61,"Noida, India",29.21,6.37,18.5,29.25,24.46,62.57,355,57.12,42.88
62,"Dnipro, Ukraine",29.26,10.49,20.46,24.57,23.66,32.74,306,52.31,47.69
63,"Mumbai, India",29.33,19.72,24.82,29.73,25.17,48.03,231,45.28,54.72
64,"Tashkent, Uzbekistan",29.36,10.66,20.59,28.76,27.02,22.63,125,33.86,66.14
65,"Lviv, Ukraine",29.67,10.53,20.7,26.62,24.35,38.3,175,38.89,61.11
66,"Algiers, Algeria",29.84,6.67,18.98,30.25,20.79,21.78,324,53.88,46.12
67,"Kathmandu, Nepal",29.87,4.78,18.11,28.05,22.61,23.16,158,37.25,62.75
68,"Tunis, Tunisia",29.94,6.45,18.93,28.83,17.08,24.2,258,47.14,52.86
69,"Almaty, Kazakhstan",30.22,11.95,21.65,26.98,28.64,33.55,401,64.17,35.83
70,"Chandigarh, India",30.27,6.26,19.02,31.11,24.36,46.47,217,43.46,56.54
71,"Astana (Nur-Sultan), Kazakhstan",30.3,10.05,20.81,25.99,30.31,41.0,116,33.13,66.87
72,"Kharkiv, Ukraine",30.46,11.6,21.62,26.14,24.61,33.98,278,48.65,51.35
73,"Asuncion, Paraguay",30.62,10.31,21.1,25.52,24.9,27.38,284,49.29,50.71
75,"Tbilisi, Georgia",30.95,10.25,21.25,26.67,29.06,29.47,47,25.16,74.84
76,"Istanbul, Turkey",31.14,9.97,21.22,23.77,21.01,28.73,266,47.62,52.38
77,"Tehran, Iran",31.47,22.8,27.41,21.75,25.88,14.55,347,55.72,44.28
78,"Baku, Azerbaijan",31.6,9.46,21.23,27.73,29.83,28.03,91,30.36,69.64
79,"Curitiba, Brazil",31.81,7.62,20.47,27.2,25.31,32.28,385,62.19,37.81
80,"Chisinau, Moldova",31.82,10.41,21.78,25.52,26.56,34.38,226,44.74,55.26
81,"Odessa (Odesa), Ukraine",31.94,10.74,22.01,26.48,30.19,32.72,318,53.17,46.83
82,"Rostov-na-donu, Russia",32.1,8.69,21.13,26.56,30.09,36.94,305,52.3,47.7
83,"Novosibirsk, Russia",32.26,9.98,21.81,28.73,31.27,38.35,255,46.92,53.08
84,"Kigali, Rwanda",32.27,16.04,24.66,27.99,29.84,26.37,41,24.16,75.84
85,"Porto Alegre, Brazil",32.33,8.88,21.34,30.16,24.97,31.24,432,72.92,27.08
86,"Cairo, Egypt",32.39,7.41,20.68,28.71,28.52,24.38,287,49.68,50.32
87,"Belo Horizonte, Brazil",32.5,7.89,20.97,25.09,21.89,20.99,396,63.54,36.46
90,"Minsk, Belarus",32.79,12.07,23.08,28.51,33.48,31.15,360,58.72,41.28
91,"Yekaterinburg, Russia",33.23,10.91,22.77,29.47,27.76,57.77,257,47.13,52.87
94,"Colombo, Sri Lanka",33.62,13.86,24.36,39.57,19.92,18.58,195,41.19,58.81
95,"Nizhny Novgorod, Russia",33.89,9.92,22.65,27.35,35.03,34.95,80,29.23,70.77
96,"Dar es Salaam, Tanzania",33.97,16.59,25.82,31.15,22.16,13.54,371,59.9,40.1
97,"Yerevan, Armenia",34.01,11.89,23.64,27.81,31.01,29.73,26,21.66,78.34
99,"Guadalajara, Mexico",34.05,16.78,25.96,34.1,31.66,35.99,384,61.99,38.01
100,"Gurgaon, India",34.1,9.8,22.71,34.07,31.55,74.9,339,55.09,44.91
101,"Kiev (Kyiv), Ukraine",34.11,18.04,26.58,28.93,30.73,48.16,233,45.69,54.31
102,"Cuenca, Ecuador",34.21,12.05,23.82,32.87,23.99,30.84,199,41.36,58.64
103,"Florianopolis, Brazil",34.39,9.68,22.81,27.66,30.26,29.31,298,51.49,48.51
105,"Lima, Peru",34.6,14.52,25.18,33.18,25.45,28.89,426,70.7,29.3
108,"Baghdad, Iraq",34.81,12.34,24.28,30.46,26.09,39.03,363,59.13,40.87
109,"Craiova, Romania",34.85,8.59,22.54,31.58,27.98,52.91,375,60.2,39.8
110,"Ulaanbaatar, Mongolia",34.86,11.11,23.73,36.15,23.35,25.02,343,55.34,44.66
111,"Skopje, North Macedonia",34.9,8.07,22.32,28.77,25.67,37.02,251,46.76,53.24
112,"Dhaka, Bangladesh",35.12,6.21,21.57,31.49,24.41,23.81,398,63.66,36.34
113,"Buenos Aires, Argentina",35.25,10.73,23.75,28.54,34.35,26.89,393,63.33,36.67
114,"Oradea, Romania",35.35,7.91,22.49,32.09,28.48,49.45,15,19.82,80.18
116,"Queretaro, Mexico",35.4,11.31,24.11,37.11,30.27,51.02,152,36.74,63.26
118,"Rabat, Morocco",35.67,14.37,25.68,31.64,29.41,34.67,145,36.17,63.83
119,"Merida, Mexico",35.7,11.58,24.4,35.71,36.46,33.5,44,24.96,75.04
120,"Nairobi, Kenya",35.88,13.57,25.42,32.25,30.62,29.23,362,59.03,40.97
122,"Timisoara, Romania",36.16,11.23,24.47,32.16,32.52,54.26,39,24.06,75.94
124,"Damascus, Syria",36.38,8.96,23.53,37.61,28.65,5.03,415,67.94,32.06
125,"Casablanca, Morocco",36.59,13.49,25.76,31.7,26.04,34.07,345,55.39,44.61
126,"Brasov, Romania",36.63,12.18,25.17,33.97,30.98,44.65,57,26.49,73.51
127,"Rio de Janeiro, Brazil",36.67,11.51,24.88,31.46,29.14,18.93,445,77.93,22.07
128,"Baguio, Philippines",36.74,9.45,23.95,31.62,17.87,18.71,157,37.17,62.83
130,"Brasilia, Brazil",36.84,11.08,24.77,29.88,31.75,43.54,367,59.46,40.54
131,"Hanoi, Vietnam",36.85,12.21,25.3,38.66,19.21,30.67,170,38.12,61.88
133,"Iasi, Romania",37.13,11.03,24.9,31.26,33.64,44.06,121,33.67,66.33
134,"Constanta, Romania",37.26,11.24,25.06,30.69,37.25,45.4,285,49.32,50.68
135,"Lagos, Nigeria",37.33,61.89,48.84,39.28,29.59,8.3,409,66.22,33.78
136,"Mexico City, Mexico",37.41,20.93,29.68,35.45,37.82,36.74,420,68.86,31.14
137,"Novi Sad, Serbia",37.44,10.32,24.73,29.45,29.78,42.73,201,41.41,58.59
138,"Sao Paulo, Brazil",37.51,14.49,26.72,32.13,31.55,29.23,424,70.49,29.51
140,"Banja Luka, Bosnia And Herzegovina",37.61,7.92,23.69,32.6,27.12,38.29,134,34.77,65.23
141,"Penang, Malaysia",37.61,9.31,24.34,39.6,21.49,65.85,140,35.59,64.41
142,"Saint Petersburg, Russia",37.81,17.14,28.12,32.33,36.46,40.77,180,39.51,60.49
143,"Lodz, Poland",37.94,13.94,26.69,31.45,30.2,57.76,207,42.09,57.91
149,"Sarajevo, Bosnia And Herzegovina",38.42,9.27,24.76,32.34,27.81,43.73,230,45.21,54.79
150,"Monterrey, Mexico",38.46,15.34,27.62,37.47,36.54,42.98,261,47.2,52.8
151,"Guayaquil, Ecuador",38.57,11.65,25.95,34.01,29.39,31.41,425,70.59,29.41
152,"Tirana, Albania",38.68,11.33,25.86,30.99,29.86,31.15,224,44.5,55.5
153,"Accra, Ghana",38.74,20.04,29.97,41.01,32.77,21.12,254,46.88,53.12
154,"Cancun, Mexico",38.85,15.34,27.83,35.22,41.42,38.24,342,55.18,44.82
155,"Ho Chi Minh City, Vietnam",39.01,17.85,29.09,39.91,21.57,30.87,323,53.61,46.39
157,"Cebu, Philippines",39.04,13.14,26.9,44.17,21.33,17.64,300,51.88,48.12
158,"Varna, Bulgaria",39.14,8.32,24.7,34.27,36.27,46.29,155,37.13,62.87
160,"Kuala Lumpur, Malaysia",39.25,14.13,27.47,41.08,24.67,64.04,394,63.4,36.6
162,"Podgorica, Montenegro",39.34,11.54,26.31,32.87,30.69,35.98,262,47.2,52.8
164,"Petaling Jaya, Malaysia",39.98,13.89,27.75,44.89,22.83,60.88,313,52.99,47.01
166,"Belgrade, Serbia",40.05,13.88,27.78,30.1,34.51,36.05,167,38.01,61.99
168,"Bucharest, Romania",40.1,14.84,28.26,33.5,39.45,53.15,75,28.25,71.75
169,"Cluj-Napoca, Romania",40.16,14.75,28.25,35.43,36.57,53.12,28,22.16,77.84
170,"Katowice, Poland",40.26,14.14,28.02,34.41,33.37,64.03,197,41.26,58.74
171,"Durban, South Africa",40.33,14.69,28.31,33.58,37.72,73.88,448,80.6,19.4
172,"Quito, Ecuador",40.48,12.62,27.42,38.0,31.34,29.69,380,60.92,39.08
173,"Poznan, Poland",40.72,14.92,28.63,33.89,35.71,58.32,94,30.57,69.43
174,"Manila, Philippines",40.77,25.18,33.46,39.85,25.18,22.24,405,64.72,35.28
176,"Jakarta, Indonesia",40.86,16.46,29.42,41.78,23.44,25.32,320,53.3,46.7
177,"Cape Town, South Africa",40.98,22.64,32.38,34.81,41.41,75.83,433,73.13,26.87
178,"Guangzhou, China",41.11,21.43,31.88,43.52,27.08,70.13,148,36.41,63.59
179,"Wroclaw, Poland",41.12,17.52,30.06,33.9,35.12,59.89,98,30.87,69.13
180,"Krakow (Cracow), Poland",41.3,17.76,30.26,33.13,37.8,67.1,89,30.28,69.72
181,"Gdansk, Poland",41.32,17.95,30.37,35.0,35.02,64.36,102,31.41,68.59
182,"Pattaya, Thailand",42.13,13.98,28.93,42.79,26.5,23.25,241,46.45,53.55
183,"Moscow, Russia",42.2,28.04,35.56,33.38,44.85,49.56,159,37.25,62.75
184,"Chiang Mai, Thailand",42.22,12.69,28.37,46.46,21.6,29.88,38,23.91,76.09
185,"Sofia, Bulgaria",42.24,14.58,29.27,36.68,38.75,55.31,208,42.13,57.87
187,"Gaborone, Botswana",42.7,11.81,28.22,35.71,52.25,51.4,346,55.67,44.33
188,"Pretoria, South Africa",42.76,14.21,29.38,35.05,36.46,87.26,452,81.98,18.02
189,"Bali, Indonesia",42.87,16.31,30.42,46.21,23.86,14.1,270,48.36,51.64
191,"Quezon City, Philippines",43.26,11.0,28.14,43.83,22.8,19.69,381,60.99,39.01
194,"Warsaw, Poland",43.94,20.55,32.98,33.93,42.14,66.04,70,27.3,72.7
196,"Guatemala City, Guatemala",44.59,16.09,31.23,42.19,33.71,24.37,389,62.65,37.35
197,"Santo Domingo, Dominican Republic",44.66,10.69,28.74,41.48,35.56,22.21,417,68.37,31.63
198,"Kaunas, Lithuania",44.74,13.22,29.97,36.18,45.77,64.93,163,37.58,62.42
199,"Johannesburg, South Africa",44.87,15.89,31.28,35.54,41.17,72.15,447,80.55,19.45
200,"Caracas, Venezuela",45.31,12.08,29.73,37.6,48.6,15.87,453,83.98,16.02
201,"San Salvador, El Salvador",45.32,14.02,30.65,44.47,37.11,21.83,422,69.79,30.21
202,"Santiago, Chile",45.64,15.3,31.42,40.12,47.92,32.08,368,59.8,40.2
204,"Harare, Zimbabwe",45.69,9.56,28.75,37.05,39.05,17.59,376,60.35,39.65
206,"Budapest, Hungary",46.13,16.01,32.01,39.18,41.98,52.66,136,35.06,64.94
209,"Vilnius, Lithuania",46.94,19.22,33.95,36.84,48.79,62.14,58,26.51,73.49
213,"San Jose, Costa Rica",47.65,17.47,33.51,46.14,43.16,42.86,344,55.38,44.62
214,"Kuwait City, Kuwait",48.0,31.21,40.13,35.81,47.2,68.84,93,30.55,69.45
217,"Ad Dammam, Saudi Arabia",48.45,12.66,31.67,42.97,34.27,93.58,90,30.29,69.71
218,"Sharjah, United Arab Emirates",49.03,54.01,51.36,41.01,36.79,56.71,7,15.69,84.31
222,"Brno, Czech Republic",49.29,20.98,36.02,42.93,39.2,65.14,52,26.08,73.92
223,"Porto, Portugal",49.37,23.62,37.3,40.25,42.42,44.87,137,35.35,64.65
224,"Bratislava, Slovakia",49.44,23.04,37.06,41.99,44.73,62.63,84,29.89,70.11
225,"Beijing, China",49.53,39.16,44.67,47.4,39.45,53.08,111,32.44,67.56
226,"Zagreb, Croatia",49.88,17.1,34.51,42.03,40.36,55.08,23,21.36,78.64
227,"Phnom Penh, Cambodia",50.1,18.84,35.44,54.48,23.19,14.8,321,53.56,46.44
228,"Rijeka, Croatia",50.14,12.26,32.38,44.3,46.92,43.59,35,23.43,76.57
229,"Bangkok, Thailand",50.36,26.45,39.15,50.2,25.83,29.77,192,40.98,59.02
230,"Addis Ababa, Ethiopia",50.49,17.44,35.0,36.77,21.45,9.83,259,47.15,52.85
235,"Shenzhen, China",51.08,28.06,40.29,57.71,34.42,68.96,105,31.86,68.14
236,"Muscat, Oman",51.24,18.54,35.91,47.14,48.5,86.53,17,20.54,79.46
237,"Alicante, Spain",51.47,19.85,36.65,43.08,52.15,79.93,76,28.81,71.19
238,"Riga, Latvia",51.54,14.75,34.29,38.97,50.95,52.82,165,37.91,62.09
239,"Kingston, Jamaica",51.57,18.43,36.04,53.78,38.03,26.11,430,71.44,28.56
240,"Split, Croatia",51.59,15.72,34.78,44.75,46.61,42.48,120,33.62,66.38
242,"Lisbon, Portugal",51.7,31.39,42.18,40.29,50.65,48.26,78,29.17,70.83
244,"Prague, Czech Republic",51.78,26.02,39.7,45.19,42.51,71.96,40,24.1,75.9
245,"Montevideo, Uruguay",52.0,15.11,34.71,43.85,47.54,30.79,332,54.81,45.19
247,"Amman, Jordan",52.18,10.63,32.7,41.65,48.02,29.51,174,38.82,61.18
248,"Malaga, Spain",52.52,26.1,40.14,44.09,51.62,65.84,66,27.05,72.95
249,"Jeddah (Jiddah), Saudi Arabia",52.57,11.1,33.13,43.47,36.65,76.08,77,28.95,71.05
250,"Ajman, United Arab Emirates",52.58,27.92,41.02,38.45,59.57,48.26,6,15.64,84.36
251,"Makati, Philippines",52.72,28.6,41.41,57.92,29.33,20.57,173,38.39,61.61
253,"Valencia, Spain",52.97,22.45,38.67,45.34,55.18,70.04,72,27.68,72.32
254,"Seville (Sevilla), Spain",53.28,20.95,38.13,49.6,47.29,71.04,104,31.59,68.41
256,"Tartu, Estonia",53.79,15.16,35.68,45.81,54.85,60.53,19,20.7,79.3
257,"Riyadh, Saudi Arabia",53.85,16.29,36.24,43.62,43.19,92.73,56,26.31,73.69
258,"Shanghai, China",53.9,44.47,49.48,57.06,42.55,53.0,118,33.41,66.59
259,"Manama, Bahrain",54.3,28.18,42.06,42.9,50.3,62.59,22,21.06,78.94
260,"Panama City, Panama",54.54,26.23,41.27,55.82,47.98,32.31,260,47.16,52.84
262,"Tallinn, Estonia",55.75,19.24,38.63,42.71,58.55,64.89,36,23.59,76.41
263,"Havana, Cuba",55.91,17.2,37.77,45.92,40.14,1.62,101,31.2,68.8
264,"El Paso, TX, United States",55.92,23.17,40.56,54.45,48.18,118.77,112,32.72,67.28
266,"Ljubljana, Slovenia",57.18,23.5,41.4,49.44,52.01,60.19,24,21.48,78.52
267,"Male, Maldives",57.26,29.87,44.42,56.24,33.01,28.52,399,63.89,36.11
268,"Catania, Italy",57.35,17.53,38.68,44.63,61.39,54.62,395,63.51,36.49
270,"Abu Dhabi, United Arab Emirates",57.89,91.8,73.79,49.79,58.49,75.22,1,11.67,88.33
271,"Palermo, Italy",57.97,14.72,37.7,49.5,52.07,58.89,244,46.59,53.41
272,"Thessaloniki, Greece",58.4,13.6,37.4,43.85,55.28,37.91,331,54.8,45.2
275,"Palma de Mallorca, Spain",58.97,28.92,44.88,48.41,61.53,63.24,108,32.28,67.72
276,"Athens, Greece",58.97,17.92,39.73,46.99,60.78,40.03,352,56.42,43.58
277,"Madrid, Spain",59.01,31.95,46.32,49.14,62.31,74.83,87,30.06,69.94
278,"Port of Spain, Trinidad And Tobago",59.2,19.23,40.46,51.98,73.56,40.68,440,76.21,23.79
280,"Barcelona, Spain",61.15,30.6,46.83,49.39,61.89,70.83,281,48.87,51.13
286,"Bremen, Germany",62.24,23.82,44.23,48.69,61.63,77.06,202,41.52,58.48
287,"Memphis, TN, United States",62.29,34.91,49.45,58.08,69.54,109.95,436,74.76,25.24
289,"Naples, Italy",62.35,21.37,43.14,53.19,59.26,56.2,372,59.96,40.04
290,"Dresden, Germany",62.46,21.21,43.12,47.74,58.64,109.14,96,30.63,69.37
291,"San Antonio, TX, United States",62.59,38.27,51.19,57.25,69.45,137.67,269,48.24,51.76
292,"Bari, Italy",62.59,18.14,41.75,53.28,65.58,64.98,302,52.15,47.85
293,"Leipzig, Germany",62.83,23.29,44.3,47.91,55.86,79.8,190,40.86,59.14
294,"Doha, Qatar",62.9,49.19,56.48,55.14,63.0,89.93,2,13.96,86.04
296,"Aberdeen, United Kingdom",63.4,23.06,44.49,47.87,77.47,102.02,122,33.68,66.32
297,"Albuquerque, NM, United States",63.44,33.91,49.6,64.6,64.07,122.44,427,70.93,29.07
301,"Bilbao, Spain",63.81,26.88,46.5,57.84,61.97,65.48,329,54.42,45.58
302,"Houston, TX, United States",63.94,43.38,54.3,61.26,67.45,172.98,402,64.32,35.68
303,"Dubai, United Arab Emirates",64.32,44.08,54.83,48.24,70.7,101.11,8,16.3,83.7
304,"Tucson, AZ, United States",64.34,27.66,47.15,61.91,65.88,83.69,288,50.29,49.71
305,"Cincinnati, OH, United States",64.39,39.74,52.83,64.25,63.76,125.17,271,48.37,51.63
306,"Nicosia, Cyprus",64.53,19.34,43.35,52.57,65.96,60.28,83,29.87,70.13
308,"Freiburg im Breisgau, Germany",64.65,35.49,50.98,50.02,62.73,94.46,103,31.57,68.43
312,"Salt Lake City, UT, United States",64.95,42.34,54.35,61.4,65.68,140.61,115,33.11,66.89
315,"St.Catharines, Canada",65.18,32.67,49.94,63.59,56.27,71.18,264,47.42,52.58
316,"Turin, Italy",65.19,22.02,44.95,59.26,64.02,67.23,292,51.28,48.72
317,"Limassol, Cyprus",65.26,29.86,48.66,53.36,72.33,55.84,106,32.05,67.95
320,"Belfast, United Kingdom",65.74,26.12,47.17,57.73,74.02,91.62,228,44.9,55.1
321,"Taipei, Taiwan",65.8,24.64,46.5,80.24,34.24,59.33,4,15.05,84.95
322,"Karlsruhe, Germany",65.88,27.8,48.03,51.61,66.17,103.03,169,38.09,61.91
323,"Sheffield, United Kingdom",65.88,26.92,47.62,57.43,63.83,89.07,218,43.86,56.14
324,"Cagliari, Italy",66.06,18.51,43.77,58.2,67.44,57.68,147,36.37,63.63
325,"Kansas City, MO, United States",66.07,33.5,50.8,60.66,75.16,127.2,357,57.41,42.59
328,"Austin, TX, United States",66.5,57.68,62.36,67.33,73.74,158.21,160,37.25,62.75
331,"Saint Louis, MO, United States",66.83,32.58,50.78,67.03,66.47,123.2,423,70.46,29.54
332,"Newcastle upon Tyne, United Kingdom",66.86,25.72,47.57,56.08,71.13,97.66,177,39.15,60.85
333,"Coventry, United Kingdom",66.94,28.91,49.11,58.06,63.75,108.7,416,68.35,31.65
334,"Hamilton, Canada",66.95,35.98,52.43,67.04,66.75,86.35,330,54.53,45.47
335,"Nuremberg, Germany",66.97,25.4,47.49,55.63,60.21,115.65,119,33.48,66.52
336,"Hanover, Germany",67.04,27.03,48.29,55.62,60.74,95.57,198,41.29,58.71
337,"Indianapolis, IN, United States",67.14,36.12,52.6,67.62,67.64,121.53,358,57.66,42.34
338,"Birmingham, United Kingdom",67.25,33.1,51.24,55.36,68.91,81.78,390,62.68,37.32
339,"Madison, WI, United States",67.32,38.75,53.93,66.91,72.34,132.13,127,33.98,66.02
341,"Leeds, United Kingdom",67.57,30.47,50.18,56.17,75.71,88.49,216,43.34,56.66
343,"Louisville, KY, United States",67.71,32.24,51.09,70.16,69.26,109.65,351,56.06,43.94
344,"Richmond, VA, United States",67.75,37.52,53.58,65.07,77.5,130.94,267,47.77,52.23
345,"Dallas, TX, United States",67.85,50.17,59.56,63.61,71.74,170.66,289,50.64,49.36
348,"Orlando, FL, United States",68.1,45.87,57.68,66.7,69.78,123.32,297,51.41,48.59
349,"Spokane, WA, United States",68.11,35.09,52.63,64.88,70.34,112.36,337,55.06,44.94
351,"Raleigh, NC, United States",68.2,41.39,55.63,70.36,69.44,144.12,133,34.6,65.4
352,"Dusseldorf, Germany",68.28,32.44,51.48,52.64,68.8,109.99,128,34.06,65.94
353,"Boise, ID, United States",68.29,43.29,56.57,60.93,81.52,82.63,141,35.66,64.34
354,"Las Vegas, NV, United States",68.34,38.21,54.22,61.14,73.39,124.83,334,54.89,45.11
356,"Vienna, Austria",68.36,34.66,52.56,61.71,66.93,79.56,63,26.85,73.15
357,"Stuttgart, Germany",68.38,35.27,52.86,55.5,71.32,109.02,97,30.71,69.29
360,"Kingston, Canada",68.57,33.0,51.9,68.42,65.4,75.42,130,34.17,65.83
361,"Kitchener, Canada",68.7,35.83,53.29,67.31,70.72,73.85,191,40.97,59.03
362,"Glasgow, United Kingdom",68.76,28.82,50.04,55.63,77.95,96.42,237,45.93,54.07
363,"Windsor, Canada",68.88,31.13,51.19,64.56,71.92,58.02,215,43.25,56.75
364,"Cardiff, United Kingdom",68.91,29.64,50.51,56.87,76.53,106.17,161,37.51,62.49
365,"Berlin, Germany",68.94,38.59,54.71,56.41,61.05,105.86,209,42.24,57.76
367,"Quebec City, Canada",68.99,21.46,46.71,69.42,65.08,87.22,5,15.14,84.86
369,"Phoenix, AZ, United States",69.37,43.85,57.4,66.78,71.42,135.94,303,52.23,47.77
370,"Regina, Canada",69.44,26.68,49.4,70.31,66.08,104.02,309,52.82,47.18
371,"Jacksonville, FL, United States",69.51,35.37,53.51,74.58,70.42,144.3,354,56.82,43.18
372,"Cologne, Germany",69.59,31.03,51.51,56.46,64.7,89.1,212,42.65,57.35
376,"Columbus, OH, United States",69.7,37.02,54.38,67.9,68.94,151.29,220,43.98,56.02
377,"Kelowna, Canada",69.73,41.68,56.58,64.84,71.84,77.45,382,61.56,38.44
378,"Bologna, Italy",69.79,26.48,49.49,61.83,74.24,58.89,246,46.62,53.38
383,"Gent, Belgium",69.97,27.3,49.97,60.18,76.78,77.4,54,26.26,73.74
384,"Charlotte, NC, United States",70.06,51.42,61.32,69.24,67.63,144.88,235,45.77,54.23
386,"San Juan, Puerto Rico",70.14,32.29,52.4,74.76,58.11,66.7,418,68.55,31.45
389,"Winnipeg, Canada",70.33,27.37,50.19,70.13,62.04,101.59,361,58.93,41.07
392,"Brampton, Canada",70.44,39.17,55.78,69.11,60.26,103.49,335,54.98,45.02
393,"London, Canada",70.49,36.54,54.57,64.74,79.2,100.36,322,53.59,46.41
395,"Montreal, Canada",70.6,31.2,52.13,73.62,68.41,89.93,100,30.99,69.01
396,"Oulu, Finland",70.62,20.64,47.19,66.72,69.74,101.06,151,36.51,63.49
398,"Detroit, MI, United States",70.68,36.65,54.73,68.34,67.09,110.05,435,74.63,25.37
400,"Florence, Italy",70.81,27.63,50.57,65.22,73.13,53.36,183,40.23,59.77
402,"Rome, Italy",71.0,37.19,55.15,62.72,70.26,51.33,315,53.11,46.89
403,"Marseille, France",71.05,23.86,48.93,72.68,64.74,95.31,388,62.51,37.49
404,"Bonn, Germany",71.08,30.96,52.27,53.92,73.85,95.72,186,40.43,59.57
406,"Tampere, Finland",71.19,25.36,49.71,61.78,84.07,91.43,27,21.86,78.14
407,"Bristol, United Kingdom",71.32,40.45,56.85,56.75,83.16,84.81,206,41.81,58.19
408,"Antwerp, Belgium",71.33,25.8,49.99,61.55,76.0,90.25,162,37.56,62.44
409,"Nottingham, United Kingdom",71.34,26.73,50.43,65.7,70.68,91.62,291,51.16,48.84
410,"Liverpool, United Kingdom",71.39,26.18,50.19,56.4,86.7,90.09,277,48.63,51.37
412,"Milwaukee, WI, United States",71.56,39.74,56.65,73.6,68.6,109.19,412,66.78,33.22
414,"Trieste, Italy",71.65,18.08,46.54,64.55,73.07,63.01,53,26.17,73.83
415,"Surrey, Canada",71.67,40.84,57.22,71.55,72.28,98.13,404,64.58,35.42
416,"Red Deer, Canada",71.73,22.46,48.64,70.32,65.19,123.94,383,61.75,38.25
417,"Hamburg, Germany",72.01,36.75,55.48,57.23,68.12,101.1,211,42.56,57.44
418,"Markham, Canada",72.1,45.74,59.74,65.21,77.13,108.69,46,25.15,74.85
420,"Saskatoon, Canada",72.27,27.99,51.51,68.37,69.98,88.18,279,48.81,51.19
427,"Grenoble, France",72.67,21.4,48.64,72.16,66.83,81.58,327,54.2,45.8
429,"Frankfurt, Germany",72.78,39.15,57.02,58.44,66.41,106.89,222,44.12,55.88
430,"Genoa, Italy",72.79,19.72,47.91,69.58,71.05,51.57,210,42.51,57.49
432,"Edmonton, Canada",72.86,29.03,52.32,68.2,73.73,109.54,225,44.56,55.44
433,"Gothenburg, Sweden",72.97,31.35,53.46,65.03,77.34,101.17,263,47.34,52.66
434,"Cambridge, United Kingdom",73.05,46.16,60.44,60.4,83.11,92.85,82,29.61,70.39
435,"Mississauga, Canada",73.12,47.77,61.24,67.93,65.27,99.7,214,43.06,56.94
437,"Manchester, United Kingdom",73.14,34.94,55.23,60.14,87.5,91.33,349,55.81,44.19
438,"Edinburgh, United Kingdom",73.15,37.38,56.38,59.68,84.71,88.03,92,30.51,69.49
439,"Ottawa, Canada",73.15,39.86,57.54,70.8,73.74,94.3,69,27.27,72.73
440,"Calgary, Canada",73.4,34.08,54.97,70.06,72.09,114.16,154,36.82,63.18
441,"New Orleans, LA, United States",73.55,43.45,59.44,69.49,76.72,92.88,413,67.05,32.95
444,"Baltimore, MD, United States",73.56,41.68,58.61,74.65,73.38,136.13,439,75.75,24.25
447,"Nashville, TN, United States",73.62,53.5,64.19,73.46,74.0,111.46,253,46.84,53.16
448,"San Jose, CA, United States",73.71,82.3,77.74,70.53,74.25,157.39,236,45.9,54.1
449,"Malmo, Sweden",73.75,26.67,51.68,67.5,79.03,84.86,353,56.59,43.41
450,"Christchurch, New Zealand",73.85,32.58,54.51,72.38,70.9,90.2,193,41.15,58.85
451,"Hobart, Australia",73.93,37.44,56.83,71.28,73.19,101.63,107,32.18,67.82
452,"The Hague (Den Haag), Netherlands",73.94,41.27,58.63,64.74,76.42,88.51,29,22.26,77.74
454,"Limerick, Ireland",74.11,40.25,58.24,61.06,77.49,96.5,185,40.28,59.72
457,"Buffalo, NY, United States",74.29,29.56,53.32,72.4,73.62,124.36,242,46.45,53.55
458,"Toronto, Canada",74.29,51.78,63.74,69.91,74.36,101.29,203,41.52,58.48
459,"Brussels, Belgium",74.39,33.35,55.15,64.69,77.0,87.04,307,52.41,47.59
460,"Graz, Austria",74.59,22.54,50.19,70.69,62.68,79.03,71,27.38,72.62
462,"Milan, Italy",74.8,44.61,60.65,62.83,80.37,53.96,252,46.84,53.16
463,"Halifax, Canada",74.91,34.04,55.75,82.91,65.22,87.92,194,41.16,58.84
464,"Newcastle, Australia",74.99,37.63,57.48,74.17,79.49,118.92,245,46.6,53.4
465,"Uppsala, Sweden",75.08,27.8,52.92,68.03,76.36,83.94,188,40.56,59.44
466,"Denver, CO, United States",75.16,55.36,65.88,72.13,76.59,129.98,227,44.87,55.13
467,"Hamilton, New Zealand",75.24,31.02,54.51,74.45,72.93,123.18,243,46.57,53.43
470,"Omaha, NE, United States",75.31,30.21,54.17,72.55,80.25,106.03,250,46.76,53.24
471,"Cleveland, OH, United States",75.41,35.29,56.6,76.36,79.48,125.32,403,64.39,35.61
472,"San Diego, CA, United States",75.47,68.77,72.33,73.82,78.67,127.94,156,37.15,62.85
477,"Gold Coast, Australia",75.8,39.95,58.99,73.38,73.8,101.22,239,46.19,53.81
478,"Tampa, FL, United States",75.83,46.37,62.02,80.03,74.23,98.28,265,47.55,52.45
480,"Canberra, Australia",75.94,42.5,60.26,76.81,79.07,105.11,30,22.31,77.69
482,"Cork, Ireland",76.15,42.64,60.44,62.63,82.01,84.45,143,36.03,63.97
484,"Rotterdam, Netherlands",76.24,41.74,60.07,64.83,76.3,91.36,144,36.16,63.84
485,"Guelph, Canada",76.36,38.13,58.44,77.93,82.35,79.64,117,33.17,66.83
486,"Toulouse, France",76.57,24.74,52.27,75.31,79.45,90.06,282,48.92,51.08
487,"Lund, Sweden",76.58,28.43,54.01,72.64,72.53,104.91,126,33.96,66.04
488,"Adelaide, Australia",76.59,32.79,56.06,78.09,67.72,104.24,85,29.98,70.02
489,"Atlanta, GA, United States",76.6,48.58,63.47,78.0,70.94,130.67,391,62.77,37.23
490,"Vancouver, Canada",76.61,56.47,67.17,79.84,74.29,87.68,172,38.25,61.75
491,"Victoria, Canada",76.65,44.9,61.77,80.26,79.11,89.12,168,38.05,61.95
492,"Wellington, New Zealand",76.66,45.43,62.02,75.75,69.08,85.49,95,30.61,69.39
493,"Osaka, Japan",76.71,29.13,54.41,82.24,44.42,81.58,109,32.35,67.65
494,"Melbourne, Australia",76.76,38.65,58.9,77.78,74.68,102.16,223,44.39,55.61
495,"Portland, OR, United States",76.83,52.91,65.62,75.46,74.61,108.09,310,52.85,47.15
497,"Chicago, IL, United States",77.06,57.25,67.77,73.3,76.34,135.26,408,66.1,33.9
498,"Helsinki, Finland",77.17,38.32,58.96,69.7,83.74,83.51,43,24.92,75.08
500,"Lyon, France",77.21,31.45,55.76,76.04,71.34,82.65,293,51.29,48.71
503,"Perth, Australia",77.29,33.08,56.57,76.45,72.08,110.04,205,41.61,58.39
505,"St. John's, Newfoundland and Labrador, Canada",77.4,21.57,51.23,77.91,77.37,62.75,256,46.99,53.01
506,"Galway, Ireland",77.44,39.8,59.8,67.73,77.69,71.94,79,29.19,70.81
507,"Munich, Germany",77.52,47.34,63.37,66.77,76.82,95.16,11,18.66,81.34
509,"Sacramento, CA, United States",77.88,50.55,65.07,80.84,70.23,101.43,275,48.6,51.4
510,"Groningen, Netherlands",77.94,27.96,54.51,65.77,77.83,78.31,20,20.8,79.2
511,"Miami, FL, United States",78.0,64.96,71.88,76.72,79.18,93.71,304,52.28,47.72
513,"Eindhoven, Netherlands",78.24,37.74,59.26,64.14,78.09,86.92,42,24.32,75.68
514,"Seoul, South Korea",78.66,33.87,57.66,98.28,47.26,74.5,48,25.38,74.62
516,"Stockholm, Sweden",78.92,43.96,62.54,70.58,82.0,95.42,238,45.97,54.03
517,"Dublin, Ireland",79.05,62.39,71.24,63.64,83.31,81.82,301,51.91,48.09
519,"Minneapolis, MN, United States",79.08,47.05,64.07,79.07,78.57,114.68,340,55.1,44.9
520,"Philadelphia, PA, United States",79.19,49.57,65.31,81.67,71.07,115.61,397,63.65,36.35
521,"Los Angeles, CA, United States",79.19,74.48,76.98,75.94,91.73,126.12,290,50.82,49.18
522,"Brisbane, Australia",79.44,37.56,59.81,79.33,74.5,103.8,135,35.05,64.95
523,"Brighton, United Kingdom",79.57,51.44,66.39,63.41,86.88,74.78,150,36.49,63.51
524,"Utrecht, Netherlands",79.76,44.61,63.28,65.53,85.88,77.9,62,26.81,73.19
526,"Auckland, New Zealand",80.19,45.49,63.93,75.19,79.09,79.21,249,46.75,53.25
527,"Nanaimo, BC, Canada",80.26,34.06,58.6,87.2,67.48,57.49,283,49.23,50.77
529,"Hong Kong, Hong Kong",80.71,74.57,77.83,84.72,58.58,65.74,25,21.62,78.38
531,"Amsterdam, Netherlands",80.82,55.8,69.09,64.45,85.59,94.45,114,33.06,66.94
532,"Darwin, Australia",82.06,35.04,60.02,83.7,83.45,109.44,359,58.47,41.53
533,"Pittsburgh, PA, United States",82.36,39.14,62.1,89.37,68.36,115.5,171,38.19,61.81
534,"Aalborg, Denmark",82.43,23.26,54.7,71.24,93.27,100.93,50,25.54,74.46
536,"Luxembourg, Luxembourg",82.99,63.43,73.82,75.83,95.17,100.19,88,30.15,69.85
537,"Sydney, Australia",83.21,58.03,71.41,79.65,73.06,104.52,124,33.81,66.19
538,"Washington, DC, United States",83.74,73.47,78.93,83.86,82.36,121.83,366,59.43,40.57
539,"Singapore, Singapore",83.98,66.43,75.75,77.08,61.17,91.34,68,27.22,72.78
541,"Paris, France",84.35,48.79,67.68,83.65,81.64,80.2,350,56.02,43.98
542,"Nice, France",84.6,36.1,61.87,83.37,87.59,64.22,365,59.43,40.57
543,"Boston, MA, United States",85.47,78.26,82.09,85.4,90.86,115.72,178,39.25,60.75
544,"Tokyo, Japan",85.61,42.71,65.5,94.94,52.26,88.58,37,23.79,76.21
545,"London, United Kingdom",85.62,76.51,81.35,64.08,89.41,88.79,319,53.29,46.71
547,"Jerusalem, Israel",86.32,40.36,64.78,74.46,101.01,79.55,146,36.24,63.76
548,"Haifa, Israel",87.44,24.34,57.86,74.28,94.59,77.61,64,26.86,73.14
549,"Arhus, Denmark",88.18,36.52,63.97,69.2,111.78,95.49,18,20.6,79.4
550,"Copenhagen, Denmark",88.34,49.42,70.1,71.49,106.02,90.67,61,26.67,73.33
551,"Seattle, WA, United States",88.52,65.84,77.89,87.34,93.09,145.39,295,51.35,48.65
555,"Anchorage, AK, United States",91.23,39.29,66.88,97.95,78.76,118.63,386,62.27,37.73
556,"Oakland, CA, United States",92.93,87.79,90.52,98.46,78.71,111.73,410,66.54,33.46
557,"San Francisco, CA, United States",93.91,108.42,100.72,97.05,93.4,133.16,373,60.1,39.9
559,"Tel Aviv-Yafo, Israel",94.49,53.22,75.15,82.98,106.66,70.22,60,26.62,73.38
562,"Reykjavik, Iceland",97.61,46.27,73.55,91.92,105.77,74.84,33,23.02,76.98
564,"Trondheim, Norway",99.43,37.74,70.52,95.11,103.21,88.0,13,19.41,80.59
565,"New York, NY, United States",100.0,100.0,100.0,100.0,100.0,100.0,268,48.13,51.87
566,"Bergen, Norway",100.38,34.84,69.66,96.22,103.51,86.96,67,27.2,72.8
567,"Oslo, Norway",102.33,46.39,76.11,97.62,111.54,85.18,129,34.06,65.94
568,"Honolulu, HI, United States",103.65,65.07,85.56,114.92,94.28,89.24,240,46.24,53.76
569,"Stavanger, Norway",104.61,35.38,72.16,102.46,107.51,85.9,34,23.32,76.68
570,"Geneva, Switzerland",114.05,75.05,95.77,112.7,126.31,120.6,59,26.61,73.39
571,"Bern, Switzerland",118.16,46.12,84.39,118.37,120.88,112.46,10,17.94,82.06
572,"Beirut, Lebanon",120.47,27.76,77.01,141.33,116.95,15.4,247,46.67,53.33
573,"Lausanne, Switzerland",122.03,59.55,92.74,122.56,127.01,127.01,49,25.53,74.47
574,"Lugano, Switzerland",123.99,44.99,86.96,129.17,119.8,111.96,14,19.48,80.52
576,"Basel, Switzerland",130.93,49.38,92.7,137.07,130.95,111.53,16,20.12,79.88
577,"Zurich, Switzerland",131.24,69.26,102.19,136.14,132.52,129.79,9,17.26,82.74
